round,slice,frame,object_ref,cell,what,why,severity,owner,rule_id,evidence,action,rules_version,note
"calib","C0","adasind_019560.jpg","L2+R3","na","WRONG_CLASS","E1_annotator_error","P1","annotator","R04","Ảnh C0: xe mui vàng ngoài cùng bên trái. XML lần đầu gán Car; reference R3 là ThreeWheeler.","rework","v1.0.0","ID thuộc bản khóa 2D5D-2686. Nhầm class xe ba bánh; đã đổi sang ThreeWheeler. Bản hiện tại 500D-9C65 không còn conflict này."
"calib","C0","adasind_019560.jpg","L3","na","SPURIOUS","E5_unresolved","P1","qa","R03","Ảnh C0: người áo đỏ và xe máy ở giữa. L3 là Pedestrian riêng; reference R2 gộp người và xe thành Bike.","escalate","v1.0.0","ID thuộc bản khóa 2D5D-2686. Ban đầu nhận định đang dắt xe; sau đó đã gộp theo reference. Cần Lab Coach soi tư thế ngồi/dắt trên ảnh gốc trước khi kết luận lỗi. Compare hết conflict không chứng minh reference đúng."
"calib","C0","adasind_019560.jpg","L4","na","SPURIOUS","E1_annotator_error","P1","annotator","R03","Ảnh C0: người áo vàng trên xe đạp. XML lần đầu có L4 Bike nhỏ nằm trong L8 Bike bao cả người và xe.","rework","v1.0.0","ID thuộc bản khóa 2D5D-2686. Quên xoá box nhỏ sau khi gộp rider và xe; đã xoá box thừa và giữ box lớn. Giữ WHAT SPURIOUS do công cụ ghi."
"calib","C0","adasind_019560.jpg","L6+R5","na","WRONG_CLASS","E5_unresolved","P1","qa","R04","Ảnh C0: chiếc xe đỏ cạnh xe máy ở giữa. L6 là Truck; reference R5 là ThreeWheeler.","escalate","v1.0.0","ID thuộc bản khóa 2D5D-2686. Ban đầu được nhận định là máy kéo từ ảnh cắt; đã đổi theo reference nhưng chưa xác minh chắc loại xe. Nhờ Lab Coach phân biệt máy kéo thuộc Truck với xe ba bánh thuộc ThreeWheeler."
"calib","C0","adasind_019560.jpg","L7+R6","na","WRONG_CLASS","E1_annotator_error","P1","annotator","R04","Ảnh C0: xe cabin hẹp bên trái chiếc xe đỏ và bị che một phần. L7 là Truck; reference R6 là ThreeWheeler.","rework","v1.0.0","ID thuộc bản khóa 2D5D-2686. Hình cabin hẹp và mui cong phù hợp xe ba bánh; đã đổi sang ThreeWheeler sau khi soi ảnh. Cùng đối tượng với L2+R6 ở lần khóa sau."
"calib","C0","adasind_019560.jpg","L2+R6","na","WRONG_CLASS","E1_annotator_error","P1","annotator","R04","Compare bản khóa 416A-27A6 còn L2 Truck đối chiếu R6 ThreeWheeler tại xe hẹp bên trái chiếc xe đỏ.","rework","v1.0.0","Cùng ca với L7+R6 của bản 2D5D-2686; ID đổi do thứ tự XML sau export. Đã sửa class ở bản 500D-9C65. Không tính hai dòng này là hai lỗi độc lập. Compare hiện tại khớp cả 6 box."
"r2_qa","B1-mid","adasind_014670.jpg","L2","L_only","WRONG_CLASS","","P1","annotator","R04","data/_qa/B1-mid.xml; qa_overlay.html: xe vàng ở mép trái, box (0;821)-(85;1100) mang nhãn Truck.","escalate","v1.0.0","Nghi vấn class, chưa kết luận sai. Cần Phúc hoặc Coach phân biệt xe tải với xe chở khách từ phần thân nhìn thấy. Không tự đổi thành Bus. Mã khóa 4B7F-EB27."
"r2_qa","B1-mid","adasind_034080.jpg","L2+L6","L_only","DUPLICATE","","P1","annotator","R03","data/_qa/B1-mid.xml; qa_overlay.html: L2 Bike (121;1010)-(188;1141) nằm trong L6 Bike (108;993)-(278;1306).","escalate","v1.0.0","Nghi box trùng ở cụm người áo trắng và áo cam. Cần xác nhận một xe chở hai người hay hai xe riêng; nếu cùng xe thì giữ một Bike và bỏ L2. Chưa chẩn đoán nguyên nhân. Mã khóa 4B7F-EB27."
"r2_qa","B1-mid","adasind_034080.jpg","L9","L_only","BOX_GEOMETRY","","P1","annotator","R02","data/_qa/B1-mid.xml; qa_overlay.html: Car L9 có xtl=466.05; phần xe con thấy được bắt đầu khoảng x=510 sau ThreeWheeler L10.","rework","v1.0.0","Thu mép trái box về phần Car nhìn thấy; không bao phần ThreeWheeler đang che phía trước. Giữ occluded=true. Tọa độ gợi ý cần bám ảnh khi sửa. Mã khóa 4B7F-EB27."
"r1_craft","B3-center","adasind_152940.jpg","R5","na","MISSING","E1_annotator_error","P1","annotator","R01","submission/r1_craft/compare.md; assets/images/adasind_152940.jpg","rework","v1.0.0","Thiếu xe tải nhỏ ở xa bên trái theo reference; kiểm lại ảnh gốc và ngưỡng cao 40 px rồi thêm box."
"r1_craft","B3-center","adasind_152940.jpg","R6","na","MISSING","E1_annotator_error","P1","annotator","R01","submission/r1_craft/compare.md; assets/images/adasind_152940.jpg","rework","v1.0.0","Thiếu xe ba bánh nhỏ ở xa bên trái theo reference; kiểm lại ảnh gốc và ngưỡng cao 40 px rồi thêm box."
"r1_craft","B3-center","adasind_167700.jpg","L6","na","IGNORE_SCOPE","E0_reference_defect","P0","qa","R07","submission/r1_craft/compare.md; assets/images/adasind_167700.jpg","escalate","v1.0.0","Reference vẽ ego_body bên phải lên người và xe đạp, trong khi thân xe camera ở mép trái. Không xóa Bike chỉ vì IGNORE_SCOPE; xem ảnh minh chứng trong screenshots."
"r1_craft","B3-center","adasind_167700.jpg","L2","na","SPURIOUS","E5_unresolved","P1","qa","R04","submission/r1_craft/compare.md; assets/images/adasind_167700.jpg","keep_with_reason","v1.0.0","ThreeWheeler nhỏ cạnh xe vàng chưa khớp reference. Cần phóng to xác nhận có phương tiện riêng trước khi xóa box."
"r1_craft","B3-center","adasind_167700.jpg","L3+R5","na","BOX_GEOMETRY","E1_annotator_error","P1","annotator","R02","submission/r1_craft/compare.md; assets/images/adasind_167700.jpg","rework","v1.0.0","Box Bike quá rộng, ôm cả người dắt xe; cần bám phần xe nhìn thấy và tách Pedestrian nếu xác nhận theo R03."
"r1_craft","B3-center","adasind_167700.jpg","L5+R3","na","WRONG_CLASS","E1_annotator_error","P1","annotator","R03","submission/r1_craft/compare.md; assets/images/adasind_167700.jpg","rework","v1.0.0","Người áo xanh nhạt dường như đang dắt xe: L5 là Bike, R3 là Pedestrian. Tách người và xe nếu ảnh gốc xác nhận."
"r1_craft","B3-center","adasind_167700.jpg","L7+R4","na","WRONG_CLASS","E5_unresolved","P1","qa","R04","submission/r1_craft/compare.md; assets/images/adasind_167700.jpg","keep_with_reason","v1.0.0","Xe ở giữa bên phải: L7 là Truck, R4 là Car. Cần soi cabin và phần chở hàng/khách trước khi đổi class."
"r1_craft","B3-center","adasind_167700.jpg","R1","na","MISSING","E1_annotator_error","P1","annotator","R03","submission/r1_craft/compare.md; assets/images/adasind_167700.jpg","rework","v1.0.0","Người áo sọc giữa ảnh đang dắt xe, cao hơn 40 px; cần box Pedestrian riêng với Bike."
"r1_craft","B3-center","adasind_167700.jpg","R2","na","MISSING","E0_reference_defect","P0","qa","R07","submission/r1_craft/compare.md; assets/images/adasind_167700.jpg","escalate","v1.0.0","Bike bên phải nằm trong vùng reference gán ego_body sai. Cần giải quyết phạm vi trước khi kết luận thiếu nhãn."
"r1_craft","B3-center","adasind_167700.jpg","R8","na","MISSING","E1_annotator_error","P1","annotator","R01","submission/r1_craft/compare.md; assets/images/adasind_167700.jpg","rework","v1.0.0","Xe tải nhỏ ở xa gần giữa ảnh có box R8 cao hơn 40 px; kiểm ảnh gốc và bổ sung nếu đủ rõ."
"r1_craft","B3-center","adasind_167700.jpg","R9","na","MISSING","E5_unresolved","P1","qa","R03","submission/r1_craft/compare.md; assets/images/adasind_167700.jpg","keep_with_reason","v1.0.0","Bike nhỏ gần người áo xanh nhạt; cần phóng to xem đây là xe riêng của người đang dắt hay đã được box khác bao."
"r1_craft","B3-center","adasind_212280.jpg","L2+R3","na","WRONG_CLASS","E1_annotator_error","P1","annotator","R04","submission/r1_craft/compare.md; assets/images/adasind_212280.jpg","rework","v1.0.0","Xe chở khách lớn bị cắt ở mép trái: L2 là Car, R3 là Bus; soát loại xe/minibus rồi đổi class nếu xác nhận."
"r3_diag","B3-center","adasind_152940.jpg","L3+R3","LR_noM","MISSING","E5_unresolved","P2","ai_team","R01","submission/r3_diag/model_compare.md; assets/images/adasind_152940.jpg","keep_with_reason","v1.0.0","L và R cùng thấy vật, model bỏ sót. Giữ nhãn L; cần nhiều frame hơn để xác định nguyên nhân lỗi model."
"r3_diag","B3-center","adasind_152940.jpg","R5+M9","RM_noL","MISSING","E1_annotator_error","P1","annotator","R01","submission/r3_diag/model_compare.md; submission/r1_craft/compare.md; assets/images/adasind_152940.jpg","rework","v1.0.0","Thiếu xe tải nhỏ ở xa bên trái theo reference; kiểm lại ảnh gốc và ngưỡng cao 40 px rồi thêm box."
"r3_diag","B3-center","adasind_152940.jpg","R6","R_only","MISSING","E1_annotator_error","P1","annotator","R01","submission/r3_diag/model_compare.md; submission/r1_craft/compare.md; assets/images/adasind_152940.jpg","rework","v1.0.0","Thiếu xe ba bánh nhỏ ở xa bên trái theo reference; kiểm lại ảnh gốc và ngưỡng cao 40 px rồi thêm box."
"r3_diag","B3-center","adasind_152940.jpg","M3","M_only","SPURIOUS","E5_unresolved","P2","ai_team","R01","submission/r3_diag/model_compare.md; assets/images/adasind_152940.jpg","keep_with_reason","v1.0.0","Chỉ model có box. Chưa đủ bằng chứng đó là vật cao ít nhất 40 px hay dự đoán sai; cần soi ảnh gốc, không tự thêm box."
"r3_diag","B3-center","adasind_152940.jpg","M4","M_only","SPURIOUS","E5_unresolved","P2","ai_team","R01","submission/r3_diag/model_compare.md; assets/images/adasind_152940.jpg","keep_with_reason","v1.0.0","Chỉ model có box. Chưa đủ bằng chứng đó là vật cao ít nhất 40 px hay dự đoán sai; cần soi ảnh gốc, không tự thêm box."
"r3_diag","B3-center","adasind_152940.jpg","M7","M_only","SPURIOUS","E5_unresolved","P2","ai_team","R01","submission/r3_diag/model_compare.md; assets/images/adasind_152940.jpg","keep_with_reason","v1.0.0","Chỉ model có box. Chưa đủ bằng chứng đó là vật cao ít nhất 40 px hay dự đoán sai; cần soi ảnh gốc, không tự thêm box."
"r3_diag","B3-center","adasind_152940.jpg","M8","M_only","SPURIOUS","E5_unresolved","P2","ai_team","R01","submission/r3_diag/model_compare.md; assets/images/adasind_152940.jpg","keep_with_reason","v1.0.0","Chỉ model có box. Chưa đủ bằng chứng đó là vật cao ít nhất 40 px hay dự đoán sai; cần soi ảnh gốc, không tự thêm box."
"r3_diag","B3-center","adasind_167700.jpg","L1+R6","LR_noM","MISSING","E5_unresolved","P2","ai_team","R01","submission/r3_diag/model_compare.md; assets/images/adasind_167700.jpg","keep_with_reason","v1.0.0","L và R cùng thấy vật, model bỏ sót. Giữ nhãn L; cần nhiều frame hơn để xác định nguyên nhân lỗi model."
"r3_diag","B3-center","adasind_167700.jpg","L4+R7","LR_noM","MISSING","E5_unresolved","P2","ai_team","R01","submission/r3_diag/model_compare.md; assets/images/adasind_167700.jpg","keep_with_reason","v1.0.0","L và R cùng thấy vật, model bỏ sót. Giữ nhãn L; cần nhiều frame hơn để xác định nguyên nhân lỗi model."
"r3_diag","B3-center","adasind_167700.jpg","L2","L_only","SPURIOUS","E5_unresolved","P1","qa","R04","submission/r3_diag/model_compare.md; submission/r1_craft/compare.md; assets/images/adasind_167700.jpg","keep_with_reason","v1.0.0","ThreeWheeler nhỏ cạnh xe vàng chưa khớp reference. Cần phóng to xác nhận có phương tiện riêng trước khi xóa box."
"r3_diag","B3-center","adasind_167700.jpg","L3","L_only","SPURIOUS","E1_annotator_error","P1","annotator","R02","submission/r3_diag/model_compare.md; submission/r1_craft/compare.md; assets/images/adasind_167700.jpg","rework","v1.0.0","Box Bike quá rộng, ôm cả người dắt xe; cần bám phần xe nhìn thấy và tách Pedestrian nếu xác nhận theo R03."
"r3_diag","B3-center","adasind_167700.jpg","L5","L_only","SPURIOUS","E1_annotator_error","P1","annotator","R03","submission/r3_diag/model_compare.md; submission/r1_craft/compare.md; assets/images/adasind_167700.jpg","rework","v1.0.0","Người áo xanh nhạt dường như đang dắt xe: L5 là Bike, R3 là Pedestrian. Tách người và xe nếu ảnh gốc xác nhận."
"r3_diag","B3-center","adasind_167700.jpg","L7","L_only","SPURIOUS","E5_unresolved","P1","qa","R04","submission/r3_diag/model_compare.md; submission/r1_craft/compare.md; assets/images/adasind_167700.jpg","keep_with_reason","v1.0.0","Xe ở giữa bên phải: L7 là Truck, R4 là Car. Cần soi cabin và phần chở hàng/khách trước khi đổi class."
"r3_diag","B3-center","adasind_167700.jpg","R1+M1","RM_noL","MISSING","E1_annotator_error","P1","annotator","R03","submission/r3_diag/model_compare.md; submission/r1_craft/compare.md; assets/images/adasind_167700.jpg","rework","v1.0.0","Người áo sọc giữa ảnh đang dắt xe, cao hơn 40 px; cần box Pedestrian riêng với Bike."
"r3_diag","B3-center","adasind_167700.jpg","R2+M7","RM_noL","MISSING","E0_reference_defect","P0","qa","R07","submission/screenshots/167700_ego_body_review.png; submission/r3_diag/model_compare.md","escalate","v1.0.0","Reference gán ego_body lên người và xe bên phải; M nhận diện vật, còn L6 bị IGNORE_SCOPE."
"r3_diag","B3-center","adasind_167700.jpg","R3+M3","RM_noL","MISSING","E5_unresolved","P1","qa","R01","submission/r3_diag/model_compare.md; submission/r1_craft/compare.md; assets/images/adasind_167700.jpg","keep_with_reason","v1.0.0","R và/hoặc M thấy vật nhưng chưa đủ bằng chứng về phạm vi hoặc loại vật. Cần soi ảnh gốc trước khi thêm box."
"r3_diag","B3-center","adasind_167700.jpg","R4+M4","RM_noL","MISSING","E5_unresolved","P1","qa","R01","submission/r3_diag/model_compare.md; submission/r1_craft/compare.md; assets/images/adasind_167700.jpg","keep_with_reason","v1.0.0","R và/hoặc M thấy vật nhưng chưa đủ bằng chứng về phạm vi hoặc loại vật. Cần soi ảnh gốc trước khi thêm box."
"r3_diag","B3-center","adasind_167700.jpg","R5+M6","RM_noL","MISSING","E5_unresolved","P1","qa","R01","submission/r3_diag/model_compare.md; submission/r1_craft/compare.md; assets/images/adasind_167700.jpg","keep_with_reason","v1.0.0","R và/hoặc M thấy vật nhưng chưa đủ bằng chứng về phạm vi hoặc loại vật. Cần soi ảnh gốc trước khi thêm box."
"r3_diag","B3-center","adasind_167700.jpg","R8+M9","RM_noL","MISSING","E1_annotator_error","P1","annotator","R01","submission/r3_diag/model_compare.md; submission/r1_craft/compare.md; assets/images/adasind_167700.jpg","rework","v1.0.0","Xe tải nhỏ ở xa gần giữa ảnh có box R8 cao hơn 40 px; kiểm ảnh gốc và bổ sung nếu đủ rõ."
"r3_diag","B3-center","adasind_167700.jpg","R9","R_only","MISSING","E5_unresolved","P1","qa","R03","submission/r3_diag/model_compare.md; submission/r1_craft/compare.md; assets/images/adasind_167700.jpg","keep_with_reason","v1.0.0","Bike nhỏ gần người áo xanh nhạt; cần phóng to xem đây là xe riêng của người đang dắt hay đã được box khác bao."
"r3_diag","B3-center","adasind_167700.jpg","M5","M_only","SPURIOUS","E5_unresolved","P2","ai_team","R01","submission/r3_diag/model_compare.md; assets/images/adasind_167700.jpg","keep_with_reason","v1.0.0","Chỉ model có box. Chưa đủ bằng chứng đó là vật cao ít nhất 40 px hay dự đoán sai; cần soi ảnh gốc, không tự thêm box."
"r3_diag","B3-center","adasind_167700.jpg","M8","M_only","SPURIOUS","E5_unresolved","P2","ai_team","R01","submission/r3_diag/model_compare.md; assets/images/adasind_167700.jpg","keep_with_reason","v1.0.0","Chỉ model có box. Chưa đủ bằng chứng đó là vật cao ít nhất 40 px hay dự đoán sai; cần soi ảnh gốc, không tự thêm box."
"r3_diag","B3-center","adasind_212280.jpg","L2+M6","LM_noR","SPURIOUS","E1_annotator_error","P1","annotator","R04","submission/r3_diag/model_compare.md; submission/r1_craft/compare.md; assets/images/adasind_212280.jpg","rework","v1.0.0","Xe chở khách lớn bị cắt ở mép trái: L2 là Car, R3 là Bus; soát loại xe/minibus rồi đổi class nếu xác nhận."
"r3_diag","B3-center","adasind_212280.jpg","R3","R_only","MISSING","E5_unresolved","P1","qa","R01","submission/r3_diag/model_compare.md; submission/r1_craft/compare.md; assets/images/adasind_212280.jpg","keep_with_reason","v1.0.0","R và/hoặc M thấy vật nhưng chưa đủ bằng chứng về phạm vi hoặc loại vật. Cần soi ảnh gốc trước khi thêm box."
"r3_diag","B3-center","adasind_212280.jpg","M3","M_only","SPURIOUS","E5_unresolved","P2","ai_team","R01","submission/r3_diag/model_compare.md; assets/images/adasind_212280.jpg","keep_with_reason","v1.0.0","Chỉ model có box. Chưa đủ bằng chứng đó là vật cao ít nhất 40 px hay dự đoán sai; cần soi ảnh gốc, không tự thêm box."
"r3_diag","B3-center","adasind_212280.jpg","M5","M_only","SPURIOUS","E5_unresolved","P2","ai_team","R01","submission/r3_diag/model_compare.md; assets/images/adasind_212280.jpg","keep_with_reason","v1.0.0","Chỉ model có box. Chưa đủ bằng chứng đó là vật cao ít nhất 40 px hay dự đoán sai; cần soi ảnh gốc, không tự thêm box."
"r2_qa","B3-center","adasind_152940.jpg","L3","L_only","WRONG_CLASS","","P2","annotator","R04","QA của Tuấn; ảnh gốc 152940; export khóa L3 và reference R3 đều là Truck.","keep_with_reason","v1.0.0","Trả lời Tuấn: giữ Truck. Xe nhỏ ở xa nhưng L3 và reference R3 trùng class, chưa có bằng chứng là xe ba bánh. Nếu ảnh phóng to cho thấy 3 bánh thì xem lại."
"r2_qa","B3-center","adasind_152940.jpg","K12_Bike_Truck","L_only","STRUCTURE","","P3","annotator","R02","QA của Tuấn; export khóa có box Bike group=1/4 và box Truck group=2 cùng polygon tương ứng.","keep_with_reason","v1.0.0","Trả lời Tuấn: polygon Bike/Truck là bài K12 vẽ viền vật, hợp lệ khi đi cùng box cùng class; không phải ignore_region. Có 1 polygon Bike chưa group, cần kiểm tra cặp K12 riêng; box đối tượng đã tồn tại."
"r2_qa","B3-center","adasind_212280.jpg","L2","L_only","WRONG_CLASS","","P1","annotator","R04","QA của Tuấn; ảnh gốc 212280; L2 Car ở mép trái, reference R3 Bus.","rework","v1.0.0","Trả lời Tuấn: truncated=true là đúng. Ảnh gốc cho thấy xe chở khách cỡ lớn/minibus, cần đổi Car thành Bus khi rework; chưa thấy bằng chứng là ThreeWheeler."
"r2_qa","B3-center","adasind_212280.jpg","L1","L_only","ATTRIBUTE","","P2","annotator","R05","QA của Tuấn; ảnh gốc 212280; L1 Bike (297,845)-(368,1047) có occluded=false.","keep_with_reason","v1.0.0","Trả lời Tuấn: box Bike là người và xe đạp thấy rõ; không thấy vật khác che Bike. Tọa độ/xe đông không đủ chứng minh occluded=true, nên giữ false."
"r2_qa","B3-center","adasind_167700.jpg","L6","L_only","BOX_GEOMETRY","","P0","annotator","R03","QA của Tuấn; ảnh gốc 167700; screenshots/167700_ego_body_review.png.","escalate","v1.0.0","Trả lời Tuấn: ảnh gốc gợi ý người ở mép phải đang dắt xe chứ chưa thấy ngồi lái. Theo R03, nếu xác nhận dắt xe thì tách Pedestrian và Bike; box L6 đang quá rộng. Reference lại gán ego_body lên vùng này nên cần Coach phân xử phạm vi trước khi kết luận theo compare."
